,1974 NEWARK FC,NEWARK, CA,ECNL Boys,https://www.newarksoccer.org/,https://www.facebook.com/1974NewarkFootballClub/,https://www.twitter.com/@newarksoccerca,https://www.instagram.com/1974newarkfc,
,AC CONNECTICUT,NEWTOWN, CT,ECNL RL Boys,https://www.acconnecticut.com/,https://www.facebook.com/ACConnecticut/,https://www.twitter.com/@ACConnecticut,https://www.instagram.com/acconnecticut,
,AC MARIN,PETALUMA, CA,ECNL RL Boys,https://northbayysl.com/,https://www.facebook.com/acmarinofficial/,,https://www.instagram.com/acmarinofficial,
,AFA FILLIES,CHESTERFIELD, MO,ECNL RL Girls,https://afafillies.com/,https://www.facebook.com/AFAFilliesSports/,https://www.twitter.com/@AFAFillies,https://www.instagram.com/afafilliessc,
,ALABAMA FC,BIRMINGHAM, AL,ECNL Girls  ECNL Boys  ECNL RL Girls  ECNL RL Boys,https://www.birminghamunited.com/about-alabama-fc/,https://www.facebook.com/BirminghamUnited/,https://www.twitter.com/@bham_United,https://www.instagram.com/busasoccer,
,ALBANY ALLEYCATS,COLONIE, NY,ECNL RL Girls,https://www.alleycatsoccer.com/,https://www.facebook.com/AlbanyAlleycats/,https://www.twitter.com/@AlbanyAlleycats,https://www.instagram.com/albanyalleycats,
,ALBERTSON SUSA,CENTRAL ISLIP, NY,ECNL Boys  ECNL RL Boys,,,https://www.twitter.com/@AlbtsnBoysECNL,,
,ALBION HURRICANES FC,HOUSTON, TX,ECNL Boys  ECNL Girls  ECNL RL Girls  ECNL RL Boys,https://www.albionhurricanes.org/,https://www.facebook.com/AlbionHurricanes/?ref=embed_page,https://www.twitter.com/@ahfcsoccer,https://www.instagram.com/ahfcsoccer,
,ALMADEN FC,SAN JOSE, CA,ECNL RL Boys,https://www.almadenfc.org/,https://www.facebook.com/almadenafc,https://www.twitter.com/@AlmadenFC,https://www.instagram.com/almadensoccer,
,ARIZONA ARSENAL,PHOENIX, AZ,ECNL Girls  ECNL RL Girls  ECNL Boys  Pre-ECNL Boys,https://www.azarsenalsc.org/,https://www.facebook.com/ArizonaArsenalSC/?ref=embed_page,https://www.twitter.com/@AZArsenalSC,https://www.instagram.com/azarsenalsc,
,ARKANSAS COMETS,FAYETTEVILLE, AR,ECNL RL Boys,https://www.arkansascometsfc.com/,https://www.facebook.com/ARCometsFC/,https://www.twitter.com/@arcomets,https://www.instagram.com/arcomets,
,ARKANSAS RISING,LITTE ROCK, AR,ECNL RL Girls  ECNL RL Boys,https://www.arkansasunited.com/programs/arkansas-rising-competitive/ar-rising,https://www.facebook.com/arkansasrisingsc/,https://www.twitter.com/@arkansasrising,https://www.instagram.com/arrisingsc,
,ARLINGTON SOCCER,ARLINGTON, VA,ECNL Girls  ECNL Boys  ECNL RL Girls  ECNL RL Boys,https://www.arlingtonsoccer.com/,https://www.facebook.com/ArlingtonSoccerAssnVA/?ref=embed_page,https://www.twitter.com/@arlingtonsoccer,https://www.instagram.com/team_arlington,
,ARSENAL COLORADO,FORT COLLINS, CO,ECNL RL Girls  ECNL RL Boys,https://theecnl.com/sports/2023/7/6/www.soccerfortcollins.org,https://www.facebook.com/ArsenalColoradoTopSoccer/,https://www.twitter.com/@ArsenalColorado,https://www.instagram.com/arsenal_colorado,
,ASSOCIATION FC,OAKLAND, CA,ECNL Boys  ECNL RL Girls,https://www.associationfc.org/,https://www.facebook.com/associationfc/,,https://www.instagram.com/associationfootballclub,
,ATLANTA FIRE,DULUTH, GA,ECNL Girls  ECNL Boys  ECNL RL Girls  ECNL RL Boys,https://www.atlantaunitedsoccer.com/,https://www.facebook.com/atlantaunitedsoccer,https://www.twitter.com/@atlantaunitedsa,https://www.instagram.com/atlantaunitedsa,
,AUSTIN TEXANS,AUSTIN, TX,ECNL RL Boys  Pre-ECNL Boys,https://www.austintexanssoccerclub.com/,https://www.facebook.com/AustinTexansSoccerClubOfficial,,https://www.instagram.com/austintexanssoccerclubofficial,
,AVANTI SOCCER CLUB,DALLAS, TX,ECNL RL Boys  Pre-ECNL Boys,https://avantisocceracademy.com/home,https://www.facebook.com/TheAvantiSoccerAcademy/,,https://www.instagram.com/theavantisocceracademy,
,AYSES SC,ALLEN, TX,ECNL RL Boys,https://www.ayses.com/,https://www.facebook.com/AYSES.SC/,https://www.twitter.com/@AYSES_Soccer,https://www.instagram.com/aysessoccerclub,
,BALTIMORE CELTIC,MOUNT AIRY, MD,ECNL Boys  ECNL RL Boys,https://baltimoreceltic.com/,https://www.facebook.com/BaltimoreCelticSoccerClub/,https://www.twitter.com/@BaltCelticSC,https://www.instagram.com/baltcelticsc,
,BARCA ACADEMY COLUMBUS,LEWIS CENTER, OH,ECNL RL Boys,https://barcaacademy-columbus.sportngin.com/,https://www.facebook.com/BarcaAcademyUS,https://www.twitter.com/@BarcaAcademyCLB,https://www.instagram.com/barcaacademyclb,
,BAY AREA SURF,SAN JOSE, CA,ECNL Girls,https://www.bayareasurf.org/,https://www.facebook.com/fcbayareaSurf/,https://www.twitter.com/@fcbayarea,https://www.instagram.com/fcbayareasurf,
,BAYSIDE FC,EAST PROVIDENCE, RI,ECNL RL Girls,https://www.baysidefc.com/,https://www.facebook.com/BaysideFCRI,https://www.twitter.com/@BaysideFC_RI,https://www.instagram.com/baysidefc_ri,
,BEACH FC (CA),TORRANCE, CA,ECNL Girls  ECNL Boys  ECNL RL Girls  ECNL RL Boys  Pre-ECNL Boys,https://beachfutbolclub.com/,https://www.facebook.com/Beachfutbolclub/,https://www.twitter.com/@Beachfutbolclub,https://www.instagram.com/beachfutbolclub,
,BEACH FC (VA),VIRGINIA BEACH, VA,ECNL Girls  ECNL Boys  ECNL RL Girls  ECNL RL Boys,https://beachfc.com/,https://www.facebook.com/BeachFCVABeach/?ref=embed_page,https://www.twitter.com/@BeachFC_VABeach,https://www.instagram.com/beachfc_vabeach,
,B-ELITE ACADEMY,DENVER, CO,ECNL Boys  ECNL RL Boys,https://belitesoccer.com/,https://www.facebook.com/belitesoccer.denver/,https://www.twitter.com/@BeliteSoccer,https://www.instagram.com/belitesoccer.denver,
,BETHESDA SC,GAITHERSBURG, MD,ECNL Girls  ECNL RL Girls  Pre-ECNL Girls,https://www.bethesdasoccer.org/,https://www.facebook.com/BethesdaSoccerClub/?ref=embed_page,https://www.twitter.com/@bethesdascnews,https://www.instagram.com/bethesdasoccerclub,
,BLACKHAWKS SOCCER CLUB,ELK GROVE, CA,ECNL RL Girls,https://www.blackhawkssc.org/,https://www.facebook.com/blackhawkssc,https://www.twitter.com/@BlackhawksSCeg,https://www.instagram.com/blackhawkssc,
,BLAST FC ACADEMY,COLUMBUS, OH,ECNL RL Boys,https://blastfc.com/club/,https://www.facebook.com/blastfcsoccer/,https://www.twitter.com/@BlastFC86,https://www.instagram.com/blastfc_soccer,
,BLITZ ACADEMY,TULSA, OK,ECNL RL Boys,https://blitzacademyfc.com/,https://www.facebook.com/blitzacademyfc/,https://www.twitter.com/@blitzacademyfc,https://www.instagram.com/blitzacademyfc,
,BOISE TIMBERS THORNS FC,MERIDIAN, ID,ECNL Girls  ECNL RL Boys,https://boisetimbersthorns.org/,https://www.facebook.com/BoiseTimbersThorns/,https://www.twitter.com/@BTimbersThorns,https://www.instagram.com/boisetimbersthornsfc,
,BOSTON BOLTS,NEWTON, MA,ECNL RL Boys,https://www.bostonbolts.com/,https://www.facebook.com/people/Boston-Bolts-Metro-North/100085763461728/,https://www.twitter.com/@BoltsMetro,https://www.instagram.com/bostonboltsmetronorth,
,BOULDER COUNTY UNITED FC,BOULDER, CO,ECNL RL Boys,https://bouldercountyunited.com/,https://www.facebook.com/bouldercountyunited,https://www.twitter.com/@bc_united21,https://www.instagram.com/bouldercountyunited,
,BRADEN RIVER SC,BRADENTON, FL,ECNL RL Girls  ECNL RL Boys,https://bradenriversoccer.org/,https://www.facebook.com/BradenRiverSoccerClub,,https://www.instagram.com/bradenriversc,
,BRICENO SOCCER CLUB,PETALUMA, CA,ECNL RL Boys,https://www.bricenosoccer.com/,https://www.facebook.com/bricenosoccer/,,https://www.instagram.com/bricenosoccer,
,BRYC,FAIRFAX, VA,ECNL RL Girls,https://www.brycsoccer.com/,https://www.facebook.com/people/BRYC-Elite-Travel-Soccer/100064597993177/?ref=embed_page,https://www.twitter.com/@BRYCElite,https://www.instagram.com/bryc_elite_academy,
,BURLINGAME SOCCER CLUB,BURLINGAME, CA,ECNL RL Girls  ECNL RL Boys,https://www.burlingamesoccerclub.org/,https://www.facebook.com/BurlingameSoccer,https://www.twitter.com/@BgameSoccerClub,https://www.instagram.com/burlingamesoccerclub,
,BVB HOUSTON,HOUSTON, TX,ECNL RL Boys,https://www.bvbinternationalacademy-houston.com/,https://www.facebook.com/BVBIAHouston/,https://www.twitter.com/@bvbiahouston,https://www.instagram.com/bvbia_houston,
,BVB IA TEXAS,CARROLTON, TX,ECNL RL Girls  ECNL Boys  ECNL RL Boys  Pre-ECNL Girls  Pre-ECNL Boys,https://www.bvbinternationalacademy-ntx.com/,https://www.facebook.com/bvbiantx,https://www.twitter.com/@bvbiantx,https://www.instagram.com/bvbiantx,
,CALIFORNIA MAGIC SOCCER CLUB,ORINDA, CA,ECNL RL Girls,https://www.calmagicsc.com/,https://www.facebook.com/calmagicsc/,https://www.twitter.com/@calmagicsc,https://www.instagram.com/calmagicsc,
,CALIFORNIA ODYSSEY,CLOVIS, CA,ECNL RL Girls  ECNL Boys,https://www.californiaodyssey.org/,https://www.facebook.com/californiaodysseysoccerclub/,https://www.twitter.com/@CalOdysseySC,https://www.instagram.com/californiaodysseysoccerclub,
,CAPITAL FC,SALEM, OR,ECNL RL Boys,https://www.cfcsalem.com/,https://www.facebook.com/cfcsalem,https://www.twitter.com/@cfc_salem,https://www.instagram.com/cfc_salem,
,CAROLINA ELITE SOCCER ACADEMY,GREENVILLE, SC,ECNL Girls  ECNL Boys  ECNL RL Girls  ECNL RL Boys,https://www.carolinaelitesc.com/,https://www.facebook.com/CESA2004/,https://www.twitter.com/@CESA2004,https://www.instagram.com/cesa_official,
,CAVALRY YOUTH SOCCER,COLLEGE STATION, TX,ECNL RL Boys,https://www.cavalrysoccer.com/,https://www.facebook.com/CavalryYouth,https://www.twitter.com/@CavalryYouth,https://www.instagram.com/cavalryyouth,
,CEDAR STARS RUSH HOUSTON,KATY, TX,ECNL RL Boys,https://www.csrushhouston.com/,https://m.facebook.com/people/Cedar-Stars-Rush-Houston/100028611115225/,https://www.twitter.com/@CedarFans,https://www.instagram.com/cedarstarsrushhouston,
,CERES RUSH,MODESTO, CA,ECNL RL Boys,https://www.ceresearthquakefc.com/,https://www.facebook.com/CeresEarthquakeFC/?ref=embed_page,,,
,CHALLENGE SC,SPRING, TX,ECNL Girls  ECNL RL Girls  ECNL RL Boys,https://www.challengesoccer.com/,https://www.facebook.com/ChallengeSoccerClub,https://www.twitter.com/@ChallengeSoccer,https://www.instagram.com/challengesoccer,
,CHARGERS SOCCER CLUB,CLEARWATER, FL,ECNL RL Girls,https://www.chargerssoccer.com/,https://www.facebook.com/ChargersSC,https://www.twitter.com/@ChargersSC,https://www.instagram.com/chargerssc,
,CHARLOTTE INDEPENDENCE SOCCER CLUB,CORNELIUS, NC,ECNL Girls  ECNL Boys  ECNL RL Girls  ECNL RL Boys,https://www.independencesoccer.club/,https://www.facebook.com/cltindependencesoccerclub,https://www.twitter.com/@independence_sc,https://www.instagram.com/independence_sc,
,CHARLOTTE SA,PINEVILLE, NC,ECNL Girls  ECNL Boys  ECNL RL Girls  ECNL RL Boys,https://www.charlottesocceracademy.com/,https://www.facebook.com/charlottesocceracademy,https://www.twitter.com/@CSA_Soccer,https://www.instagram.com/charlottesocceracademycsa,
,CHATTANOOGA RED WOLVES SC,CHATTANOOGA, TN,ECNL Boys,https://www.chattredwolvesyouth.com/,https://www.facebook.com/chattredwolvesacademy/,https://www.twitter.com/@CRWAcademy,https://www.instagram.com/chattredwolvesacademy,
,CHICAGO CITY SC,CHICAGO, IL,ECNL RL Boys,https://www.chicagocitysoccerclub.com/,https://www.facebook.com/chicagocitysc/,https://www.twitter.com/@chicagocity_sc,https://www.instagram.com/chicagocitypro,
,CHICAGO INTER,NEW LENOX, IL,ECNL Girls  ECNL RL Girls  ECNL RL Boys,https://www.chicagointersoccer.com/,https://www.facebook.com/chicagointersoccer1,https://www.twitter.com/@chiINTER,https://www.instagram.com/chicagointersoccer,
,CHICAGO MAGIC,HIGHLAND PARK, IL,ECNL Boys  ECNL RL Boys,https://www.chicagomagicsoccerclub.com/,https://www.facebook.com/ChicagoMagicSoccer/,https://www.twitter.com/@ChicagoMagicPSG,https://www.instagram.com/chicago_magic_soccer_club_,
,CINCINNATI ELITE FC,CINCINNATI, OH,ECNL RL Boys,https://cincinnatielitefc.com/,https://www.facebook.com/CincinnatiEliteFC/?ref=bookmarks,https://www.twitter.com/@Cinci_Elite_FC,https://www.instagram.com/cincinnatielitefc,
,CLASSICS ELITE SOCCER ACADEMY,SAN ANTONIO, TX,ECNL Girls  ECNL Boys  ECNL RL Girls  ECNL RL Boys,https://www.classicselite.com/,https://www.facebook.com/ClassicsEliteSoccerAcademy/,https://www.twitter.com/@ClassicsEliteSA,https://www.instagram.com/classicselitesocceracademy,
,CLEVELAND FORCE,BEDFORD HEIGHTS, OH,ECNL Girls  ECNL Boys  ECNL RL Girls  ECNL RL Boys,https://www.clevelandforcesc.com/,https://www.facebook.com/ClevelandForceSC,https://www.twitter.com/@ClevForceSC,https://www.instagram.com/clevelandforcesc,
,CLOVIS CROSSFIRE,CLOVIS, CA,ECNL RL Boys,https://cloviscrossfire.com/,https://www.facebook.com/people/Clovis-Junior-Soccer-League-Home-of-Clovis-Crossfire/100063479983025/,https://www.twitter.com/@Cloviscrossfire,https://www.instagram.com/clovis_crossfire,
,CLUB OHIO,DUBLIN, OH,ECNL RL Boys,https://www.clubohiosoccer.com/,https://www.facebook.com/ClubOhioSoccer/,https://www.twitter.com/@ClubOhioSoccer,https://www.instagram.com/club.ohio.soccer,
,COASTAL PREMIER FC,PORT ARTHUR, TX,ECNL RL Girls,https://coastalpremierfc.com/,https://www.facebook.com/coastalpremierfc,https://www.twitter.com/@CoastalPrem,https://www.instagram.com/coastalpremieralliancefc,
,COASTAL RUSH,PENSACOLA, FL,ECNL RL Girls  ECNL RL Boys,https://www.coastalrush.com/,https://www.facebook.com/CoastalRushSoccer,,https://www.instagram.com/coastalrushsoccer,
,COLORADO EDGE,ARVADA, CO,ECNL RL Girls  ECNL RL Boys,https://www.edgesoccer.net/,https://www.facebook.com/coloradoedge,https://www.twitter.com/@realcoedge,https://www.instagram.com/coloradoedgesoccer,
,COLORADO RAPIDS,AURORA, CO,ECNL Girls  ECNL Boys  ECNL RL Girls  ECNL RL Boys,https://rapidsyouthsoccer.org/welcome/,https://www.facebook.com/RapidsYouthSoccerClub,https://www.twitter.com/@RapidsYouthClub,https://www.instagram.com/rapidsyouthsoccer,
,COLORADO RUSH,LITTLETON, CO,ECNL RL Boys,https://www.coloradorush.com/,https://www.facebook.com/ColoradoRushSoccerClub/,https://www.twitter.com/@ColoradoRush,https://www.instagram.com/corushsoccer,
,COLUMBIA PREMIER SC,VANCOUVER, WA,ECNL Boys  ECNL RL Boys,https://www.columbiapremier.com/,https://www.facebook.com/ColumbiaPremier,https://www.twitter.com/@ColumbiaPremier,https://www.instagram.com/columbiapremiersc,
,CONCORDE FIRE,ATLANTA, GA,ECNL Girls  ECNL Boys  ECNL RL Girls  ECNL RL Boys,https://www.concordefire.com/,https://www.facebook.com/ConcordeFire/wall/,https://www.twitter.com/@ConcordeSoccer,https://www.instagram.com/concordefiresoccer,
,CONNECTICUT FC,BETHANY, CT,ECNL Girls  ECNL Boys  ECNL RL Girls  ECNL RL Boys  Pre-ECNL Girls,https://www.connecticutfootballclub.com/,https://www.facebook.com/cfcnation/,https://www.twitter.com/@ConnecticutFC,https://www.instagram.com/cfc_nation,
,CROSSFIRE PREMIER,REDMOND, WA,ECNL Girls  ECNL Boys  ECNL RL Girls  ECNL RL Boys,https://www.crossfiresoccer.org/,https://www.facebook.com/CrossfireSoccer/,https://www.twitter.com/@CrossfirePrmr,https://www.instagram.com/crossfire.premier,
,CRUSH FC,SPRING, TX,ECNL RL Girls  ECNL RL Boys,https://www.crushfc.org/,https://www.facebook.com/crushfctx/,,,
,CRYSTAL LAKE FORCE,CRYSTAL LAKE, IL,ECNL RL Boys,https://www.clsf.org/,https://www.facebook.com/clsfforce/,https://www.twitter.com/@clsfforce,https://www.instagram.com/clsfforce,
,CT RUSH,SOUTHBURY, CT,ECNL RL Girls,https://www.northeastrush.com/ct-select/,https://www.facebook.com/northeastrushsoccer,https://www.twitter.com/@NortheastRush,https://www.instagram.com/northeastrushsoccer,
,DALLAS SURF SC RL NTX,FLOWER MOUND, TX,ECNL RL Girls  Pre-ECNL Girls,https://dallassurf.com/,https://www.facebook.com/DallasSurf/,https://www.twitter.com/@dallas_surf,https://www.instagram.com/dallassurfsoccer,
,DALLAS TEXANS,DALLAS, TX,ECNL Girls  ECNL Boys  ECNL RL Girls  ECNL RL Boys  Pre-ECNL Girls  Pre-ECNL Boys,https://www.dallastexans.com/,https://www.facebook.com/TheDallasTexans/,https://www.twitter.com/@DallasTexansSC,https://www.instagram.com/the_dallas_texans,
,DAVIS LEGACY,DAVIS, CA,ECNL Girls  ECNL Boys,https://davislegacysoccer.org/,https://www.facebook.com/DavisLegacySoccer/,https://www.twitter.com/@davislegacy,https://www.instagram.com/davislegacysc,
,DE ANZA FORCE,CUPERTINO, CA,ECNL Girls  ECNL RL Girls  ECNL RL Boys,https://www.deanzaforce.org/,https://www.facebook.com/DeAnzaForceSoccerClub,https://www.twitter.com/@DeAnzaForce,https://www.instagram.com/deanzaforcesoccer,
,DEL MAR SHARKS,SAN DIEGO, CA,ECNL Girls  ECNL Boys  ECNL RL Girls  ECNL RL Boys  Pre-ECNL Boys,https://dmcvsharks.com/,https://www.facebook.com/DMCVSharks/,https://www.twitter.com/@DMCVSharks,https://www.instagram.com/dmcvsharks,
,DELAWARE FC,HOCKESSIN, DE,ECNL RL Boys,https://delawarefc.org/,https://www.facebook.com/delawarefchockessin/,https://www.twitter.com/@fchockessin,https://www.instagram.com/delawarefchockessin,
,DIABLO VALLEY FUTBOL CLUB,MARTINEZ, CA,ECNL RL Girls  ECNL RL Boys,https://www.diablovalleyfc.com/,https://www.facebook.com/DiabloValleyWolves/,,https://www.instagram.com/diablovalleywolves,
,DKSC,FARMERS BRANCH, TX,ECNL Girls  ECNL Boys  ECNL RL Girls  ECNL RL Boys  Pre-ECNL Girls,https://www.dksclub.com/,https://www.facebook.com/dfeeters/,https://www.twitter.com/@DKSC_official,https://www.instagram.com/dksclub,
,DORAL SOCCER CLUB,DORAL, FL,ECNL RL Boys,https://www.doralsoccerclub.com/,https://www.facebook.com/doralsoccerclub,https://www.twitter.com/@doralsoccerclub,https://www.instagram.com/doralsoccerclub,
,DYNAMOS SC,HOUSTON, TX,ECNL RL Girls  ECNL RL Boys,https://dynamossoccer.com/index.php/en/,,,https://www.instagram.com/dynamosoccerclub,
,EAGLES SOCCER CLUB,CAMARILLO, CA,ECNL Girls  ECNL RL Girls  ECNL RL Boys  Pre-ECNL Boys,https://eaglessc.com/,https://www.facebook.com/eaglessoccer1/about/,https://www.twitter.com/@eagles_sc,https://www.instagram.com/eaglessoccerclub,
,EAST BAY UNITED,OAKLAND, CA,ECNL RL Boys,https://www.ebusoccer.org/,https://www.facebook.com/EastBayUnited.Soccer/,https://www.twitter.com/@EBUSoccerClub,https://www.instagram.com/eastbayunitedsoccerclub,
,EAST COAST FC,LONG ISLAND, NY,ECNL RL Boys  Pre-ECNL Girls,https://eastcoastfc.leagueapps.com/,https://www.facebook.com/EASTCOASTFCNY/,https://www.twitter.com/@EastCoastFCNY,https://www.instagram.com/eastcoastfc_,
,EAST MEADOW SC,NORTH BELLMORE, NY,ECNL Girls  ECNL Boys  ECNL RL Girls  ECNL RL Boys,https://www.eastmeadowsoccer.com/,https://www.facebook.com/eastmeadowsoccerclub/,https://www.twitter.com/@sc_eastmeadow,https://www.instagram.com/eastmeadowsoccerclub,
,EASTSHORE ALLIANCE FC,BERKELEY, CA,ECNL RL Boys,https://www.eastshorealliancefc.org/,,,https://www.instagram.com/eastshorealliancefc,
,EASTSIDE FC,ISSAQUAH, WA,ECNL Girls  ECNL Boys  ECNL RL Girls  ECNL RL Boys,https://www.eastsidefc.org/,,https://www.twitter.com/@EastsideFC,https://www.instagram.com/waeastsidefc,
,ECLIPSE SELECT SC,ARLINGTON HEIGHTS, IL,ECNL Girls  ECNL Boys  ECNL RL Girls,https://www.eclipseselect.org/,https://www.facebook.com/EclipseSelectSoccerClub/,https://www.twitter.com/@EclipseSelectSC,https://www.instagram.com/eclipseselectsc,
,EL CAMINO FC SALINAS,SALINAS, CA,ECNL Boys,https://www.ecfcsalinas.com/,https://www.facebook.com/elcaminofc,https://www.twitter.com/@ecfcsalinas,https://www.instagram.com/ecfcsalinas,
,EL DORADO HILLS SOCCER CLUB,EL DORADO HILLS, CA,ECNL RL Boys,https://www.edhsc.org/,https://www.facebook.com/ElDoradoHillsSoccerClub/,,https://www.instagram.com/eldoradohillssoccerclub,
,ELK GROVE SOCCER,ELK GROVE, CA,ECNL RL Boys,https://elkgrovesoccer.com/,https://www.facebook.com/elkgrovesoccer/,,https://www.instagram.com/elkgrovesoccerfc,
,ELKHART COUNTY UNITED,ELKHART, IN,ECNL RL Boys,https://www.ecusoccer.com/,https://www.facebook.com/ElkhartCountyUnited/,,,
,EUGENE METRO,EUGENE, OR,ECNL RL Boys,https://www.emfc.org/,https://www.facebook.com/eugenemetrofc,https://www.twitter.com/@EugeneMetro,https://www.instagram.com/eugenemetrofutbolclub,
,EVOLUTION SC,NAPERVILLE, IL,ECNL RL Girls,https://www.evolutionsoccer.us/,https://www.facebook.com/evosoccerclub?ref=embed_page,https://www.twitter.com/@Evolution_SC14,https://www.instagram.com/evolutionsoccerclub,
,FAIRFAX BRAVE,VIENNA, VA,ECNL Girls  ECNL Boys,https://fairfaxbrave.org/,https://www.facebook.com/FairfaxBRAVEECNL,https://www.twitter.com/@FairfaxBRAVE,https://www.instagram.com/fairfaxbraveecnl,
,FC 1974 ELITE (GLSA),LIBERTYVILLE, IL,ECNL RL Girls  ECNL RL Boys,https://www.glsa.org/fc-1974-program,https://www.facebook.com/FC1974GLSA,https://www.twitter.com/@FC1974GLSA,https://www.instagram.com/fc1974glsa,
,FC ALLIANCE,KNOXVILLE, TN,ECNL Girls  ECNL Boys  ECNL RL Girls  ECNL RL Boys,https://www.fcallianceknox.org/,https://www.facebook.com/people/FC-Alliance/100063628717743/?ref=embed_page,https://www.twitter.com/@FCAlliance1,https://www.instagram.com/fc_allianceknox,
,FC ARIZONA,MESA, AZ,ECNL Boys  Pre-ECNL Boys,https://fcarizona.com/,https://www.facebook.com/FCArizonaSoccer,https://www.twitter.com/@FCArizonaSoccer,https://www.instagram.com/fcarizonasoccer,
,FC COPA,METUCHEN, NJ,ECNL RL Girls,https://www.fccopa.com/,https://www.facebook.com/FCCopa/,https://www.twitter.com/@FCCopa,https://www.instagram.com/fccopa,
,FC DALLAS,DALLAS, TX,ECNL Girls  ECNL Boys  ECNL RL Girls  ECNL RL Boys  Pre-ECNL Girls  Pre-ECNL Boys,https://www.fcdallas.com/youth/,https://www.facebook.com/fcdallas,https://www.twitter.com/@FCDallasYouth,https://www.instagram.com/fcd_women,
,FC DAYTON,CENTERVILLE, OH,ECNL RL Girls,https://www.fcdayton.org/,https://www.facebook.com/FCDayton/,https://www.twitter.com/@fcdayton,https://www.instagram.com/fcdayton,
,FC DELCO,DOWNINGTON, PA,ECNL Girls  ECNL RL Girls  ECNL RL Boys  Pre-ECNL Girls,https://fcdelco.org/,https://www.facebook.com/FCDelco1982/,https://www.twitter.com/@FCDELCO2,https://www.instagram.com/fcdelco,
,FC PRIDE,INDIANAPOLIS, IN,ECNL Girls  ECNL Boys  ECNL RL Girls  ECNL RL Boys,https://fcpride.org/,https://www.facebook.com/FCPRIDESOCCERCLUB/,https://www.twitter.com/@FCPRIDESOCCER,https://www.instagram.com/fcpridesoccerclub,
,FC PRIME,SUNRISE, FL,ECNL Girls  ECNL Boys  ECNL RL Girls  ECNL RL Boys,https://www.fc-prime.com/,https://www.facebook.com/FCPrimeOfficial/,https://www.twitter.com/@FCPrimeOfficial,https://www.instagram.com/footballclubprime,
,FC PRIME (MIAMI),MIAMI, FL,ECNL RL Girls,https://www.fc-prime.com/miami,https://www.facebook.com/FCPrimeOfficial/,https://www.twitter.com/@FCPrimeOfficial,https://www.instagram.com/footballclubprime,
,FC RICHMOND,MIDLOTHIAN, VA,ECNL RL Girls  ECNL RL Boys,https://www.fcrichmond.com/,https://www.facebook.com/FCRichmondRVA?fref=ts,https://www.twitter.com/@FCRichmondRVA,https://www.instagram.com/fcrichmondrva,
,FC STARS,ACTON, MA,ECNL Girls  ECNL Boys  ECNL RL Girls  ECNL RL Boys  Pre-ECNL Girls,https://www.starsofma.org/,https://www.facebook.com/starsofma,https://www.twitter.com/@starsofma,https://www.instagram.com/fc_starsma,
,FC TUCSON YOUTH SC,TUCSON, AZ,ECNL Boys  Pre-ECNL Boys,https://fctucsonyouth.com/,https://www.facebook.com/fctucsonyouth,https://www.twitter.com/@fctucsonyouth,https://www.instagram.com/fctucsonyouth,
,FC UNITED IOWA,CEDAR RAPIDS, IA,ECNL RL Girls  ECNL RL Boys,https://www.fcunitedcr.com/,https://www.facebook.com/fcunitedcr/?ref=embed_page,https://www.twitter.com/@FCUnitedSoccer1,https://www.instagram.com/fc_united_iowa,
,FC WESTLAKE,AUSTIN, TX,ECNL RL Girls  ECNL RL Boys,https://fcwestlake.com/,https://www.facebook.com/FCWestlake,https://www.twitter.com/@fc_westlake,https://www.instagram.com/fcwestlake,
,FC WICHITA,BEL AIRE, KS,ECNL RL Girls  ECNL Boys,https://www.wichitasocceracademy.com/,https://www.facebook.com/FCWichitaYouthSoccer/,https://www.twitter.com/@fcwacademy,https://www.instagram.com/fc_wichita,
,FC WISCONSIN (BOYS),GERMANTOWN, WI,ECNL Boys  ECNL RL Boys,https://fcwisconsin.com/,https://www.facebook.com/FCWisconsinSoccer,https://www.twitter.com/@FCWisc,https://www.instagram.com/fcwisconsinnationals,
,FC WISCONSIN (GIRLS),GERMANTOWN, WI,ECNL Girls  ECNL RL Girls,https://www.fcwisconsingirlssoccer.com/,https://www.facebook.com/FcWisconsinECNL,https://www.twitter.com/@FCW_ECNL,https://www.instagram.com/fc_wi_ecnl,
,FEVER UNITED RL NTX,COLLEYVILLE, TX,ECNL RL Girls  ECNL RL Boys  Pre-ECNL Boys,https://www.feverunited.com/,https://www.facebook.com/FeverUnitedSoccerClub?ref=embed_page,https://www.twitter.com/@feverunited,https://www.instagram.com/fever_united_soccer_club,
,FLASH ROCHESTER,SPENCERPORT, NY,ECNL RL Boys,https://wnyflash.com/flash-rochester,https://www.facebook.com/FlashRochester,https://www.twitter.com/@Flash_Rochester,https://www.instagram.com/flash_rochester,
,FLORIDA CELTIC,LARGO, FL,ECNL RL Girls  ECNL RL Boys,https://www.floridaceltic.com/,https://www.facebook.com/CelticFcFlorida,https://www.twitter.com/@CelticFlScores,https://www.instagram.com/floridacelticsc,
,FLORIDA ELITE SOCCER ACADEMY,ST. JOHNS, FL,ECNL Girls  ECNL Boys  ECNL RL Girls  ECNL RL Boys,https://www.floridaelitesa.com/,https://www.facebook.com/FloridaEliteSA,https://www.twitter.com/@TheFloridaElite,https://www.instagram.com/floridaelitesa,
,FLORIDA ELITE TALLAHASSEE,TALLAHASSEE, FL,ECNL RL Boys,https://www.tthfc.org/,https://www.facebook.com/TallahasseeTottenhamHotspurFC,https://www.twitter.com/@TTHFC_soccer,https://www.instagram.com/floridaelite_tally,
,FLORIDA KRAZE KRUSH,WINTER SPRINGS, FL,ECNL Girls  ECNL Boys  ECNL RL Girls  ECNL RL Boys,https://floridakrazekrush.com/,https://www.facebook.com/FloridaKrazeKrush,https://www.twitter.com/@FlKrazeKrush,https://www.instagram.com/floridakrazekrush,
,FLORIDA PREMIER,NEW PORT RICHEY, FL,ECNL Girls  ECNL Boys  ECNL RL Girls  ECNL RL Boys,https://www.floridapremierfc.com/,https://www.facebook.com/FloridaPremierFC/,https://www.twitter.com/@florida_premier,https://www.instagram.com/floridapremierfc,
,FLORIDA WEST,FORT MYERS, FL,ECNL Girls  ECNL Boys  ECNL RL Girls  ECNL RL Boys,https://www.floridawestfc.com/,https://www.facebook.com/floridawestfc,,https://www.instagram.com/floridawestfc,
,FOLSOM LAKE SURF,FOLSOM, CA,ECNL RL Girls,https://folsomlakesurf.org/,https://www.facebook.com/FolsomLakeSurf/?ref=embed_page,https://www.twitter.com/@FLSurfSC,https://www.instagram.com/folsomlakesurf,
,FORCE FC,MONROE, NY,ECNL RL Girls,https://www.mwsoccer.com/,,,,
,FSA FC,FARMINGTON, CT,ECNL Girls  ECNL Boys  ECNL RL Girls  ECNL RL Boys  Pre-ECNL Girls,https://fsafc.com/,https://www.facebook.com/people/FSA-FC/100063516672119/,https://www.twitter.com/@fsafc_official,https://www.instagram.com/fsafc_official,
,FULLERTON RANGERS FC,FULLERTON, CA,ECNL RL Boys,https://fullertonrangers.teamsnapsites.com/,https://www.facebook.com/FullertonRangersYouthSoccer,https://www.twitter.com/@RangersFCSoCal,https://www.instagram.com/rangersfcsocal,
,GERMANTOWN LEGENDS,GERMANTOWN, TN,ECNL RL Boys,https://www.germantownlegendssoccer.com/,https://www.facebook.com/GermantownLegendsSoccer/,https://www.twitter.com/@GermantownSoc,https://www.instagram.com/germantownlegendssoccer,
,GREAT FALLS RESTON,GREAT FALLS, VA,ECNL RL Girls  ECNL RL Boys,https://www.gfrsoccerclub.org/,https://www.facebook.com/GreatFallsRestonSoccerClub/?ref=embed_page,https://www.twitter.com/@GFRsoccer,https://www.instagram.com/gfr_soccer_club,
,GREATER TOLEDO FC (GTFC IMPACT),PERRYSBURG, OH,ECNL RL Girls  ECNL RL Boys,https://www.greatertoledofc.org/,https://www.facebook.com/gtfcimpact,https://www.twitter.com/@GTFCImpact,https://www.instagram.com/gtfc_impact,
,GRETNA ELITE ACADEMY,GRETNA, NE,ECNL Girls  ECNL Boys  ECNL RL Girls  ECNL RL Boys,https://www.gretnaeliteacademy.com/,https://www.facebook.com/GretnaEliteAcademy/,https://www.twitter.com/@GretnaEliteAcad,https://www.instagram.com/gretnaeliteacademy,
,GSA,LIBURN, GA,ECNL Girls  ECNL Boys  ECNL RL Girls  ECNL RL Boys,https://www.gsasoccer.com/,https://www.facebook.com/GSAsoccer/,https://www.twitter.com/@GSAsoccer,https://www.instagram.com/gsasoccer1,
,HEAT FC,HENDERSON, NV,ECNL Girls  ECNL Boys  ECNL RL Girls  ECNL RL Boys,https://www.heatfcnevada.com/,https://www.facebook.com/heatfcnevada,https://www.twitter.com/@HeatFCNV,https://www.instagram.com/heatfcnv,
,HERNDON SOCCER,HERNDON, VA,ECNL RL Boys,https://www.herndonyouthsoccer.org/,https://www.facebook.com/herndonyouthsoccer/?ref=embed_page,https://www.twitter.com/@HerndonYouth,https://www.instagram.com/hyssoccer,
,HEX FC,PERKASIE, PA,ECNL Girls  ECNL Boys  ECNL RL Girls  ECNL RL Boys  Pre-ECNL Girls,https://www.hexfc.com/,https://www.facebook.com/hexfc23,https://www.twitter.com/@HEXFC23,https://www.instagram.com/hexfc23,
,HIGHLAND FC,ASHEVILLE, NC,ECNL RL Girls  ECNL RL Boys,https://www.abysa.org/,https://www.facebook.com/abysahfc123,,https://www.instagram.com/abysa_hfc,
,HOOSIER FC,NOBLESVILLE, IN,ECNL RL Boys,https://www.hoosierfc.com/,https://www.facebook.com/hoosierfutbolclub/,https://www.twitter.com/@HoosierFutbol,https://www.instagram.com/hoosier_fc,
,HOUSTON FUTSAL,HOUSTON, TX,ECNL RL Girls  ECNL RL Boys,https://houstonfutsalclub.org/,https://www.facebook.com/futsal.houston,https://www.twitter.com/@HtownFutsalClub,https://www.instagram.com/houstonfutsalclub,
,HOUSTONIANS FUTBOL CLUB,HOUSTON, TX,ECNL RL Girls  ECNL RL Boys,https://www.houstoniansfc.org/,https://www.facebook.com/Houstoniansfc/,https://www.twitter.com/@Houstonians_FC,https://www.instagram.com/houstoniansfc,
,HTX SOCCER,THE WOODLANDS, TX,ECNL Boys  ECNL RL Boys,https://htxsoccer.com/,https://www.facebook.com/htxsoccer/,https://www.twitter.com/@HTXSoccer,https://www.instagram.com/htxsoccer,
,IDAHO RUSH,BOISE, ID,ECNL RL Boys,https://www.idahorush.com/,https://www.facebook.com/IdahoRushSoccer,https://www.twitter.com/@idahorush,https://www.instagram.com/idrushsoccer,
,IMPERIAL SC,SUGARLAND, TX,ECNL RL Girls  ECNL RL Boys,https://www.imperialsc.org/,https://www.facebook.com/ImperialSoccerClub/?ref=embed_page,,https://www.instagram.com/imperialsoccerclub,
,INDIANA ELITE,CROWN POINT, IN,ECNL RL Girls  ECNL Boys  ECNL RL Boys,https://www.indianaelitefc.com/,https://www.facebook.com/indianaelitefc/,https://www.twitter.com/@IndianaEliteFC,https://www.instagram.com/fcindianaelite,
,INDIANA FIRE ACADEMY SOUTH,EVANSVILLE, IN,ECNL RL Girls,https://www.indianafirejuniorssouth.com/,https://www.facebook.com/IndianaFireJuniorsSouth,https://www.twitter.com/@INFireJrsSouth,https://www.instagram.com/indianafireacademysouth,
,INDY ELEVEN PRO ACADEMY,WESTFIELD, IN,ECNL Girls  ECNL RL Girls,https://www.indyelevenproacademy.com/,,https://www.twitter.com/@IXIproacademy,https://www.instagram.com/indyelevenproacademy,
,INTERNATIONALS SC,MEDINA, OH,ECNL Girls  ECNL RL Girls,https://www.internationalssoccer.com/,https://www.facebook.com/iscgirls,https://www.twitter.com/@ISCgirls,https://www.instagram.com/iscgirls,
,IR ACADEMY,ELK GROVE, CA,ECNL RL Girls,https://www.iracademysoccer.com/,https://www.facebook.com/IRacademysoccer/,https://www.twitter.com/@IR_ACADEMY,https://www.instagram.com/iracademy,
,JACKSONVILLE FC,JACKSONVILLE, FL,ECNL Girls  ECNL RL Girls,https://jfcsoccer.com/,https://www.facebook.com/JacksonvilleFCSoccer/?ref=embed_page,https://www.twitter.com/@jacksonville_fc,https://www.instagram.com/jacksonville_fc,
,KANSAS CITY ATHLETICS,MERRIAM, KS,ECNL Girls  ECNL RL Girls  ECNL Boys,https://www.athleticskc.com/,https://www.facebook.com/athleticsKC/,https://www.twitter.com/@AthleticsKC,https://www.instagram.com/athleticskc,
,KANSAS CITY SURF,OVERLAND PARK, KS,ECNL RL Boys,https://kansascitysurf.com/,https://www.facebook.com/kansas.city.surf,https://www.twitter.com/@PUMA_FC,https://www.instagram.com/kansascitysurf,
,KANSAS RUSH,OLATHE, KS,ECNL RL Boys,https://www.kansasrush.com/,https://www.facebook.com/KansasRushSoccer/,https://www.twitter.com/@KS_RushSoccer,https://www.instagram.com/ksrushsoccerclub,
,KC FUSION,LENEXA, KS,ECNL RL Girls  ECNL RL Boys,https://kcfusion.com/,https://www.facebook.com/KCFusionSoccerClub/,https://www.twitter.com/@kcfusionsc,https://www.instagram.com/kcfusionsc,
,KC SCOTT GALLAGHER,KANSAS CITY, MO,ECNL RL Girls  ECNL Boys  ECNL RL Boys,https://www.kcsgsoccer.org/,https://www.facebook.com/kansascitysg,https://www.twitter.com/@KansascitySG,https://www.instagram.com/kansascitysg,
,KERNOW STORM FC RL NTX,WAXAHACHIE, TX,ECNL RL Girls  Pre-ECNL Girls,https://www.stormfutbol.com/ecnlrlntx,https://www.facebook.com/stormfutbol,https://www.twitter.com/@storm_futbol,https://www.instagram.com/stormfutbol,
,KINGS HAMMER,COVINGTON, KY,ECNL Girls  ECNL Boys  ECNL RL Girls  ECNL RL Boys,https://kingshammer.com/,https://www.facebook.com/kingshammersc,https://www.twitter.com/@kingshammer,https://www.instagram.com/kingshammersc,
,LA BREAKERS FC,LOS ANGELES, CA,ECNL Girls  ECNL Boys  ECNL RL Girls  ECNL RL Boys  Pre-ECNL Boys,https://www.labreakersfc.com/,https://www.facebook.com/people/Los-Angeles-Breakers-FC/100057490957447/,https://www.twitter.com/@labreakersfc,https://www.instagram.com/labreakersfc,
,LA ROCA FC,SOUTH WEBER, UT,ECNL Girls  ECNL RL Girls  ECNL Boys,https://larocafc.com/,https://www.facebook.com/LaRocaFC,https://www.twitter.com/@laroca_official,https://www.instagram.com/larocaofficial,
,LAFC SO CAL,WOODLAND HILLS, CA,ECNL Girls  ECNL Boys  ECNL RL Girls  ECNL RL Boys  Pre-ECNL Boys,https://www.realsocal.org/,https://www.facebook.com/LAFCSoCal/?ref=embed_page,https://www.twitter.com/@LAFC_SoCalYouth,https://www.instagram.com/lafc_socalyouth,
,LEGENDS FC,EASTVALE, CA,ECNL Girls  ECNL Boys  ECNL RL Girls  ECNL RL Boys  Pre-ECNL Boys,https://www.legendsfc.net/,https://www.facebook.com/Legendsfcsoccer/,https://www.twitter.com/@LegendsFCSoccer,https://www.instagram.com/legendsfcsoccer,
,LEHIGH VALLEY UNITED RUSH,ALLENTOWN, PA,ECNL RL Girls  ECNL Boys  ECNL RL Boys,https://www.lvurush.com/,https://www.facebook.com/p/LVU-Rush-100090244644195/?locale=de_DE,https://www.twitter.com/@lvu_rush,https://www.instagram.com/lvu_rush,
,LIVERPOOL FC MICHIGAN,PONTIAC, MI,ECNL Girls  ECNL RL Girls  ECNL RL Boys,https://www.lfcinternationalacademymi.com/,https://www.facebook.com/LFCIAMichigan/,https://www.twitter.com/@LFCIAMichigan,https://www.instagram.com/lfciami,
,LONESTAR SOCCER CLUB,AUSTIN, TX,ECNL Boys  ECNL RL Boys,https://lonestar-sc.com/,https://www.facebook.com/LonestarSC/,https://www.twitter.com/@LonestarSC,https://www.instagram.com/lonestarsc,
,LONG ISLAND SLAMMERS,SMITHTOWN, NY,ECNL RL Girls  ECNL RL Boys,https://www.longislandslammers.com/,https://www.facebook.com/longislandslammers,https://www.twitter.com/@lislammers,https://www.instagram.com/longislandslammers,
,LOS GATOS UNITED SOCCER CLUB,LOS GATOS, CA,ECNL RL Boys,https://losgatosunited.com/,https://www.facebook.com/losgatossoccer/,https://www.twitter.com/@LosGatosUnited,https://www.instagram.com/losgatosunited,
,LOUDOUN SOCCER,LEESBURG, VA,ECNL RL Girls  ECNL RL Boys,https://www.loudounsoccer.com/,https://www.facebook.com/LoudounSoccer/,https://www.twitter.com/@loudounsc,https://www.instagram.com/loudounsc,
,LOUISVILLE CITY ACADEMY,LOUISVILLE, KY,ECNL Boys  ECNL RL Boys,https://www.loucityracingacademy.com/boys,https://www.facebook.com/LouCityAcademy/,https://www.twitter.com/@LouCityAcademy,https://www.instagram.com/loucityacademy,
,MANHATTAN SOCCER CLUB,NEW YORK, NY,ECNL RL Girls  ECNL Boys  ECNL RL Boys,https://www.manhattansc.org/,https://www.facebook.com/manhattansoccerclub/,https://www.twitter.com/@ManhattanSC_NYC,https://www.instagram.com/manhattansc_nyc,
,MANTECA FUTBOL CLUB,MANTECA, CA,ECNL RL Girls,https://www.mantecafc.org/,https://www.facebook.com/manteca.futbolclub,,https://www.instagram.com/manteca_futbol_club,
,MARIN FC,GREENBRAE, CA,ECNL Girls  ECNL Boys,https://www.marinfc.org/,https://www.facebook.com/marinfcsoccer,https://www.twitter.com/@Marin_FC,https://www.instagram.com/marinfootballclub,
,MARYLAND UNITED FC,BOWIE, MD,ECNL Girls  ECNL Boys  ECNL RL Girls  ECNL RL Boys  Pre-ECNL Girls,https://mdunitedfc.org/,https://www.facebook.com/MarylandUnitedFc/,https://www.twitter.com/@Maryland_United,https://www.instagram.com/marylandunitedfc,
,MATCH FIT ACADEMY,MERCER COUNTY, NJ,ECNL Girls  ECNL Boys  ECNL RL Girls  ECNL RL Boys  Pre-ECNL Girls,https://www.matchfitacademy.net/,https://www.facebook.com/matchfitgirlsacademy/,https://www.twitter.com/@MatchFitAcademy,https://www.instagram.com/matchfitacademy,
,MATCH FIT SHORE,BRICK, NJ,ECNL RL Girls,https://www.matchfitacademy.net/,https://theecnl.com/sports/2023/7/6/facebook.com/matchfitacademyshore/,https://www.twitter.com/@matchfitshore,https://www.instagram.com/matchfitacademyshore,
,MATIAS ALMEYDA FC - MAFC CELTICS,HOUSTON, TX,ECNL RL Boys,https://mafcacademy.com/,https://www.facebook.com/matiasalmeydatc,https://www.twitter.com/@MatiasAlmeydaTC,https://www.instagram.com/matiasalmeydatc,
,MCLEAN SOCCER,MCLEAN, VA,ECNL RL Girls  ECNL RL Boys,https://mcleansoccer.org/,https://www.facebook.com/McLeanYouthSoccer/,https://www.twitter.com/@mcleansoccer,https://www.instagram.com/mclean_soccer,
,MEMPHIS LOBOS,COLLIERVILLE, TN,ECNL RL Boys,https://www.lobosrush.com/,https://www.facebook.com/lobosrushsoccer,https://www.twitter.com/@lobosrushsoccer,https://www.instagram.com/lobosrushsc,
,MICHIGAN HAWKS,PLYMOUTH, MI,ECNL Girls  ECNL RL Girls,https://hawks.soccer/,https://www.facebook.com/michiganhawks74,https://www.twitter.com/@Michigan_Hawks,https://www.instagram.com/hawks.soccer.club,
,MIDWEST UNITED,KENTWOOD, MI,ECNL Girls  ECNL RL Girls,https://midwestunitedfc.com/,https://www.facebook.com/midwestunitedfc/,https://www.twitter.com/@MidwestUnitedFC,https://www.instagram.com/midwestunitedfc,
,MINNESOTA THUNDER ACADEMY,RICHFIELD, MN,ECNL Girls  ECNL Boys,https://mnthunderacademy.org/,https://www.facebook.com/MNThunderAcademy/,https://www.twitter.com/@MNTHUNDACADEMY,https://www.instagram.com/minnesotathunderacademy,
,MISSISSIPPI RUSH,JACKSON, MS,ECNL RL Boys,https://www.mfcsoccer.com/,https://www.facebook.com/mississippirush,https://www.twitter.com/@MSRushSoccer,https://www.instagram.com/mississippi_rush,
,MISSOURI RUSH,O'FALLON, MO,ECNL RL Girls  ECNL RL Boys,https://www.morushsoccer.com/,https://www.facebook.com/MissouriRushSoccerClub,https://www.twitter.com/@MoRushSoccer,https://www.instagram.com/morushsoccer,
,MONTEREY SURF SOCCER CLUB,MONTEREY, CA,ECNL RL Boys,https://montereysurf.com/,https://www.facebook.com/MontereySurfSC/,https://www.twitter.com/@MontereySurfSC,https://www.instagram.com/montereysurfsc,
,MUSTANG SC,DANVILLE, CA,ECNL Girls  ECNL Boys,https://mustangsoccer.com/,https://www.facebook.com/mustangsoccerclub/,https://www.twitter.com/@Mustang_Soccer_,https://www.instagram.com/mustangsoccerclub,
,MVLA SOCCER CLUB,MOUNTAIN VIEW, CA,ECNL Girls  ECNL RL Girls  ECNL Boys,https://mvlasc.org/,https://www.facebook.com/mvlasoccerclub/,https://www.twitter.com/@MVLASC,https://www.instagram.com/mvlasoccerclub,
,NATIONALS SC,BLOOMFIELD HILLS, MI,ECNL Boys  ECNL RL Boys,https://theecnl.com/sports/2023/7/6/nationalssoccer.com,https://www.facebook.com/nationalssoccerclub/,https://www.twitter.com/@SoccerNationals,https://www.instagram.com/nationalssoccer2016,
,NATIONALS SOCCER CLUB - LANSING,LANSING, MI,ECNL RL Boys,https://www.nationalssoccer.com/capitalarea,https://www.facebook.com/people/Nationals-Soccer-Capital-Area/100064434860006/,https://www.twitter.com/@SoccerNationals,https://www.instagram.com/nationalssoccer2016,
,NC COURAGE,RALEIGH, NC,ECNL Girls,https://www.ncfcyouth.com/academy,https://www.facebook.com/northcarolinafcyouth/,https://www.twitter.com/@NCCourageAcad,https://www.instagram.com/nc_courage_gda,
,NC FUSION,BERMUDA RUN, NC,ECNL Girls  ECNL Boys  ECNL RL Girls  ECNL RL Boys,https://www.ncfusion.org/,https://www.facebook.com/NCFusion/?ref=embed_page,https://www.twitter.com/@NC_Fusion,https://www.instagram.com/ncfusion_soccer,
,NCFC YOUTH,RALEIGH, NC,ECNL Girls  ECNL Boys  ECNL RL Girls  ECNL RL Boys,https://www.ncfcyouth.com/,https://www.facebook.com/northcarolinafcyouth/,https://www.twitter.com/@NCFC_Youth,https://www.instagram.com/ncfc_youth,
,NEW MEXICO RUSH SC,ALBUQUERQUE, NM,ECNL Boys  Pre-ECNL Boys,https://www.nmrush.com/,https://www.facebook.com/nmrushsoccerclub/?ref=aymt_homepage_p,https://www.twitter.com/@nm_rush,https://www.instagram.com/newmexicorushsoccer,
,NEW YORK SURF,NEW YORK, NY,ECNL RL Girls,https://www.nysurfsoccer.org/,https://www.facebook.com/nysurfsoccer/,https://www.twitter.com/@nysurfsoccer,https://www.instagram.com/nysurfsoccer,
,NEXT LEVEL SA,PENNINGTON, NJ,ECNL RL Girls,https://nlsasoccer.com/,https://www.facebook.com/nlsa2,https://www.twitter.com/@nlsasoccer,https://www.instagram.com/nextlevelsa,
,NJ CRUSH,FRANKLIN LAKES, NJ,ECNL RL Girls,https://njcrushfc.com/,https://www.facebook.com/njcrushfc,https://www.twitter.com/@NJCRUSHFC,https://www.instagram.com/njcrushfc,
,NORTH COAST FUTBOL CLUB,PETALUMA, CA,ECNL RL Girls,https://www.northcoastfc.org/,https://www.facebook.com/NorthCoastFCSoccer/?ref=embed_page,,https://www.instagram.com/northcoastfc,
,NORTHERN VIRGINIA ALLIANCE,LEESBURG, VA,ECNL Girls  ECNL Boys,https://www.nvasoccer.com/,https://www.facebook.com/NVAECNLSoccer,,https://www.instagram.com/nvaecnlsoccer,
,NORTHWEST ELITE FC,BEAVERTON, OR,ECNL Girls  ECNL RL Girls,https://northwestelitefc.org/,https://www.facebook.com/northwestelitefc,https://www.twitter.com/@nw_elitefc,https://www.instagram.com/nwelitefc,
,NTH NASA,MARIETTA, GA,ECNL Boys  ECNL RL Boys,https://www.nasatophat.com/,https://www.facebook.com/NASATopHatSoccer/,https://www.twitter.com/@NTH_NASA,https://www.instagram.com/nth_nasa,
,NTX CELTIC SC,CORINTH, TX,ECNL RL Girls  ECNL RL Boys  Pre-ECNL Girls  Pre-ECNL Boys,https://www.ntxcelticfc.com/,https://www.facebook.com/NorthTexasCelticFC/,https://www.twitter.com/@ntxcelticfc,https://www.instagram.com/ntxcelticfc,
,NWI LIONS UNITED,CROWN POINT, IN,ECNL RL Girls,https://www.nwilionsunited.com/,https://www.facebook.com/threelionsunited/?ref=embed_page,https://www.twitter.com/@NwiLions,https://www.instagram.com/nwilionsunitedsoccer,
,OHIO ELITE SOCCER ACADEMY,CINCINNATI, OH,ECNL Girls  ECNL Boys  ECNL RL Girls  ECNL RL Boys,https://www.ohioelite.com/,https://www.facebook.com/ohioelite/,https://www.twitter.com/@ohioelite,https://www.instagram.com/ohioelitesoccer,
,OHIO GALAXIES FC,ALPHA, OH,ECNL RL Girls,https://www.ohiogalaxiesfc.com/,https://www.facebook.com/OhioGalaxies/,https://www.twitter.com/@OhioGalaxies,https://www.instagram.com/ohiogalaxiesfc,
,OHIO PREMIER,DUBLIN, OH,ECNL Girls  ECNL Boys  ECNL RL Girls  ECNL RL Boys,https://opsoccer.com/,https://www.facebook.com/OPSoccerClub/,https://www.twitter.com/@OPSOCCER1,https://www.instagram.com/op_soccer_club,
,OKLAHOMA CELTIC,NORMAN, OK,ECNL RL Girls  ECNL RL Boys,https://www.oklahomaceltic.com/,https://www.facebook.com/oklahomaceltic,https://www.twitter.com/@OklahomaCeltic,https://www.instagram.com/oklahoma_celtic,
,OKLAHOMA ENERGY FC,EDMOND, OK,ECNL Girls  ECNL Boys  ECNL RL Girls  ECNL RL Boys,https://okenergyfc.org/,https://www.facebook.com/okenergyfc/,https://www.twitter.com/@Oklahoma_FC,https://www.instagram.com/okenergyfc,
,ONE WORLD ACADEMY,PFLUGERVILLE, TX,ECNL RL Girls  ECNL RL Boys,https://www.oneworldsoccer.com/,https://www.facebook.com/OneWorldSoccer/,https://www.twitter.com/@oneworldsoccer,https://www.instagram.com/oneworldsoccerusa,
,OREGON PREMIER,LAKE OSWEGO, OR,ECNL RL Boys,https://oregonpremierfc.com/,https://www.facebook.com/crossfireoregon/,https://www.twitter.com/@CrossfireOR,https://www.instagram.com/oregonpremierfcacademy,
,ORLANDO CITY YOUTH SOCCER,SANFORD, FL,ECNL Girls  ECNL RL Girls  ECNL RL Boys,https://www.ocss-seminole.com/,https://www.facebook.com/OCYouthSoccer,https://www.twitter.com/@OC_SS_Seminole,https://www.instagram.com/orlandocitygirls,
,PACESETTER SC,TOLEDO, OH,ECNL RL Girls,https://pacesettersoccer.com/,https://www.facebook.com/pacesettersoccer/,https://www.twitter.com/@pacesetter_sc,https://www.instagram.com/pacesettersoccerclub,
,PACIFIC NORTHWEST SOCCER,TUKWILA, WA,ECNL Girls  ECNL Boys  ECNL RL Girls  ECNL RL Boys,https://www.pacificnorthwestsoccerclub.org/,https://www.facebook.com/pacnwsc/?ref=embed_page,https://www.twitter.com/@PacNWSC,https://www.instagram.com/pacnwsc,
,PAJARO VALLEY YOUTH SOCCER CLUB,WATSONVILLE, CA,ECNL RL Girls,https://pvysc.net/,,,https://www.instagram.com/pvunitedsoccer,
,PALM BEACH UNITED,PALM BEACH GARDENS, FL,ECNL Boys  ECNL RL Boys,https://palmbeachunited.demosphere-secure.com/_registration_login?to=https%3A%2F%2Fpalmbeachunited.demosphere-secure.com%2F_registration,https://www.facebook.com/PBUECNL/,https://www.twitter.com/@pbuecnl,https://www.instagram.com/pbuecnl,
,PARKLAND SOCCER CLUB,CORAL SPRINGS, FL,ECNL Boys  ECNL RL Boys,https://theecnl.com/sports/2023/7/6/parklandtravelsoccer.com,https://www.facebook.com/psctravel,https://www.twitter.com/@ParklandTravel,https://www.instagram.com/parklandsoccer,
,PATEADORES,COSTA MESA, CA,ECNL Girls  ECNL Boys  ECNL RL Girls  ECNL RL Boys  Pre-ECNL Boys,https://pateadores.org/,https://www.facebook.com/pateadoressoccerclub,https://www.twitter.com/@PATEADORES_,https://www.instagram.com/pateadores_,
,PDA,SOMERSET, NJ,ECNL Girls  ECNL RL Girls  ECNL RL Boys  Pre-ECNL Girls,https://www.pdasoccer.org/,,https://www.twitter.com/@PDASoccer,https://www.instagram.com/pdagirlssoccer,
,PDA SOUTH,WESTHAMPTON, NJ,ECNL Girls  ECNL RL Girls  Pre-ECNL Girls,https://www.pdasoccer.org/home,https://www.facebook.com/pdasouthsoccerclub/,https://www.twitter.com/@PdaSouth,https://www.instagram.com/pda.south,
,PENN FUSION SA,WEST CHESTER, PA,ECNL Girls  ECNL Boys  ECNL RL Girls  ECNL RL Boys  Pre-ECNL Girls,https://www.pennfusion.org/,https://www.facebook.com/PennFusion/,https://www.twitter.com/@PennFusion_SA,https://www.instagram.com/pennfusion_sa,
,PHILADELPHIA UKRANIAN NATONALS,NORTH WALES, PA,ECNL RL Boys,https://www.ukrainiannationals.com/,https://www.facebook.com/ukrainiannationals,https://www.twitter.com/@UkrNationalsSC,https://www.instagram.com/philadelphiaukraniannationals,
,PHOENIX RISING FC,SCOTTSDALE, AZ,ECNL Girls  ECNL RL Girls  ECNL Boys  Pre-ECNL Boys,https://www.prfcyouthsoccer.com/,https://www.facebook.com/PHXRisingFCYouth/?ref=embed_page,https://www.twitter.com/@PHXRisingYouth,https://www.instagram.com/phxrisingfcyouth,
,PIPELINE SC,WHITE MARSH, MD,ECNL Girls  ECNL Boys  ECNL RL Girls  ECNL RL Boys  Pre-ECNL Girls,https://pipelinesoccerclub.com/,https://www.facebook.com/pipelinesc/,https://www.twitter.com/@pipeline_soccer,https://www.instagram.com/pipelinesoccerclub,
,PITTSBURGH RIVERHOUNDS,PITTSBURGH, PA,ECNL Girls  ECNL Boys  ECNL RL Girls  ECNL RL Boys,https://www.riverhounds.com/academy/,https://www.facebook.com/HoundsAcademy/,https://www.twitter.com/@HoundsAcademy,https://www.instagram.com/houndsacademy,
,PLACER UNITED,ROCKLIN, CA,ECNL Girls  ECNL Boys,https://placerunited.com/,https://www.facebook.com/PlacerUnited,https://www.twitter.com/@PlacerUnited,https://www.instagram.com/placer_united,
,PLEASANTON RAGE,PLEASANTON, CA,ECNL Girls,https://pleasantonrage.org/,https://www.facebook.com/pleasantonrage/,https://www.twitter.com/@pleasantonrage,https://www.instagram.com/pleasantonrage,
,PORTLAND THORNS ACADEMY,PORTLAND, OR,ECNL Girls,https://www.timbers.com/thornsfc/academy/,https://www.facebook.com/thornsFCacademy/,https://www.twitter.com/@ThornsFCAcademy,https://www.instagram.com/thornsfcacademy,
,POTOMAC SOCCER,GERMANTOWN, MD,ECNL Boys  ECNL RL Boys,https://potomacsoccer.org/,https://www.facebook.com/PotomacSoccerAssociation,https://www.twitter.com/@PotomacSoccer,https://www.instagram.com/potomacsoccer,
,PRIDE SOCCER CLUB,COLORADO SPRINGS, CO,ECNL Girls  ECNL Boys  ECNL RL Girls  ECNL RL Boys,https://pridesoccer.com/,https://www.facebook.com/pridesoccerclub,https://www.twitter.com/@pridesoccer,https://www.instagram.com/thepridesoccerclub,
,PRINCE WILLIAM COURAGE,WOODBRIDGE, VA,ECNL RL Girls  ECNL RL Boys,https://www.pwsi.org/,https://www.facebook.com/princewilliamcourage/,https://www.twitter.com/@CouragePW,https://www.instagram.com/@pwcourage,
,PSA MONMOUTH,RANDOLPH, NJ,ECNL RL Girls  ECNL RL Boys,https://www.princetonsocceracademy.com/region/psa-monmouth/,https://www.facebook.com/psamonmouth/,https://www.twitter.com/@PSA_Monmouth,https://www.instagram.com/psamonmouth,
,QUICKSTRIKE FC,NEW WINDOR, NY,ECNL RL Girls  ECNL RL Boys,https://www.quickstrikefc.com/,https://www.facebook.com/QSFCny,https://www.twitter.com/@Quickstrike_FC,https://www.instagram.com/quickstrikefc,
,RACING LOUISVILLE ACADEMY,LOUISVILLE, KY,ECNL Girls  ECNL RL Girls,https://www.loucityracingacademy.com/girls,https://www.facebook.com/LouCityAcademy/,https://www.twitter.com/@LouCityAcademy,https://www.instagram.com/loucityacademy,
,REAL COLORADO,CENTENNIAL, CO,ECNL Girls  ECNL Boys  ECNL RL Girls  ECNL RL Boys,https://www.realcolorado.net/,https://www.facebook.com/people/Real-Colorado-Soccer/100063581139657/,https://www.twitter.com/@RealColoSoccer,https://www.instagram.com/realcolorado,
,REBELS SC,CHULA VISTA, CA,ECNL Girls  ECNL RL Girls  ECNL RL Boys  Pre-ECNL Boys,https://rebelssc.org/,https://www.facebook.com/RebelsSoccerClub/,https://www.twitter.com/@RebelsSDSoccer,https://www.instagram.com/rebelssc,
,RENEGADES SC,DALLAS, TX,ECNL RL Girls  ECNL RL Boys  Pre-ECNL Girls  Pre-ECNL Boys,https://www.renegadessoccer.com/,https://www.facebook.com/txrsc/,,https://www.instagram.com/renegadessoccer,
,RENO MVLA SOCCER CLUB,RENO, NV,ECNL RL Girls,https://renomvla.com/,https://www.facebook.com/renomvla,https://www.twitter.com/@RenoMVLA,https://www.instagram.com/renomvla,
,RICHMOND KICKERS,RICHMOND, VA,ECNL RL Girls  ECNL RL Boys,https://www.richmondkickersyouth.com/,https://www.facebook.com/richmondkickers/,,https://www.instagram.com/richmondkickersyouth,
,RICHMOND STRIKERS,RICHMOND, VA,ECNL RL Girls  ECNL RL Boys,https://www.richmondstrikers.com/landing/index,https://www.facebook.com/RichmondStrikersClub,https://www.twitter.com/@RStrikersClub,https://www.instagram.com/richmondstrikers,
,RICHMOND UNITED,GLEN ALLEN, VA,ECNL Girls  ECNL Boys,https://www.richmondutd.com/,https://www.facebook.com/richmondutd/,https://www.twitter.com/@richmondunited,https://www.instagram.com/richmondunited,
,RIO RAPIDS SOCCER CLUB,ALBUQUERQUE, NM,ECNL Boys  Pre-ECNL Boys,https://www.riorapids.org/,https://www.facebook.com/riorapidssc/,https://www.twitter.com/@RioRapidsSC,https://www.instagram.com/riorapidssc,
,RISE SC,HOUSTON, TX,ECNL RL Girls  ECNL Boys  ECNL RL Boys,https://www.risesc.org/,https://www.facebook.com/RiseSoccerClub/,https://www.twitter.com/@RiseSoccerClub,https://www.instagram.com/risesoccerclub,
,RIVER ISLANDS SURF,SAN JOSE, CA,ECNL Boys,https://www.riverislandssurf.com/,,,https://www.instagram.com/riverislandssurf,
,ROCKFORD RAPTORS,LOVES PARK, IL,ECNL Girls  ECNL Boys  ECNL RL Girls  ECNL RL Boys,https://www.rockfordraptors.org/,https://www.facebook.com/people/Rockford-Raptors-FC/100057443178175/,https://www.twitter.com/@RRaptorsfc,https://www.instagram.com/rockfordraptorsfc1,
,SA UNITED,AUSTIN, TX,ECNL RL Girls,https://theecnl.com/sports/2023/7/6/saunitedsoccer.com,https://www.facebook.com/saunitedsoccer/,https://www.twitter.com/@SAUnitedsoccer,https://www.instagram.com/saunitedsc,
,SAINT LOUIS SCOTT GALLAGHER,FENTON, MO,ECNL Girls  ECNL Boys  ECNL RL Girls  ECNL RL Boys,https://www.slsgsoccer.com/,https://www.facebook.com/SLSGsoccerclub/,https://www.twitter.com/@SLSGsoccer,https://www.instagram.com/slsgsoccerclub,
,SAN ANTONIO CITY SC,SAN ANTONIO, TX,ECNL Boys  ECNL RL Boys,https://www.sacitysc.com/,https://www.facebook.com/sacitysc,https://www.twitter.com/@sacitysc,https://www.instagram.com/sacitysc,
,SAN ANTONIO FC,SAN ANTONIO, TX,ECNL Boys,https://www.safcyouthsoccer.com/,,https://www.twitter.com/@SAFCProAcademy,https://www.instagram.com/sanantoniofc,
,SAN CARLOS UNITED SOCCER CLUB,SAN CARLOS, CA,ECNL RL Girls,https://www.sancarlosunited.org/,https://www.facebook.com/sancarlosunited/,https://www.twitter.com/@SanCarlosUnited,https://www.instagram.com/sancarlosunited,
,SAN DIEGO SURF SOCCER CLUB,SAN DIEGO, CA,ECNL Girls  ECNL Boys  ECNL RL Girls  ECNL RL Boys  Pre-ECNL Boys,https://surfsoccer.com/,https://www.facebook.com/SDSurfSoccer/,https://www.twitter.com/@SurfSoccerClub,https://www.instagram.com/surfsoccerclub,
,SAN FRANCISCO ELITE,SAN FRANCISCO, CA,ECNL Boys,https://www.sfelitesc.org/,https://www.facebook.com/SFEliteAcademy/,https://www.twitter.com/@sfelitesc,https://www.instagram.com/sfeliteacademy,
,SAN FRANCISCO VIKINGS SOCCER CLUB,SAN FRANCISCO, CA,ECNL RL Girls,https://sfvikings.org/,https://www.facebook.com/SanFranciscoVikings/,https://www.twitter.com/@VikingsSan,https://www.instagram.com/sfvikingsclub,
,SAN JUAN SOCCER CLUB,RANCHO CORDOVA, CA,ECNL Girls  ECNL RL Girls  ECNL Boys,https://sanjuansc.org/,https://www.facebook.com/SanJuanSoccerClub/,https://www.twitter.com/@SanJuan_SC,https://www.instagram.com/sanjuan_sc,
,SAN JUAN SOUTH SOCCER CLUB,STOCKTON, CA,ECNL RL Girls,https://sanjuansouth.com/,https://www.facebook.com/sanjuansouthelite/,https://www.twitter.com/@sanjuansouth,https://www.instagram.com/sanjuansouth,
,SAN RAMON FC,SAN RAMON, CA,ECNL RL Boys,https://www.sanramonfc.com/,https://www.facebook.com/SanRamonFC73/,https://www.twitter.com/@SanRamonFC,https://www.instagram.com/sanramonfc,
,SANTA CLARA SPORTING,SANTA CLARA, CA,ECNL RL Girls  ECNL Boys,https://www.santaclarasporting.com/,https://www.facebook.com/santaclarasportingclub/,https://www.twitter.com/@tweetscsc,https://www.instagram.com/santaclarasportingclub,
,SANTA ROSA UNITED,SANTA ROSA, CA,ECNL Girls  ECNL Boys,https://srunited.com/,https://www.facebook.com/SRUnited/,https://www.twitter.com/@SantaRosaUnited,https://www.instagram.com/srunited,
,SCORPIONS SOCCER,AUBURN, MA,ECNL Girls  ECNL RL Girls  Pre-ECNL Girls,https://www.scorpionssoccer.org/,https://www.facebook.com/ScorpSoccerClub,https://www.twitter.com/@ScorpionsSoccer,https://www.instagram.com/scorpions_sc_,
,SCORPIONS SOUTH,NORTON, MA,ECNL RL Girls,https://www.scorpionssoccer.org/south-girls,https://www.facebook.com/ScorpSoccerClub,https://www.twitter.com/@ScorpionsSoccer,https://www.instagram.com/scorpionssouth,
,SDSC SURF,SAN DIEGO, CA,ECNL Boys  ECNL RL Boys  Pre-ECNL Boys,https://www.sdscsurf.com/,https://www.facebook.com/GoSDSC,https://www.twitter.com/@GoSDSC,https://www.instagram.com/sandiegosoccerclub,
,SEATTLE UNITED,SEATTLE, WA,ECNL Girls  ECNL Boys  ECNL RL Girls  ECNL RL Boys,https://www.seattleunited.com/,https://www.facebook.com/seattleunited/,https://www.twitter.com/@SeattleUnited,https://www.instagram.com/seattleunited,
,SF UNITED FC,SAN FRANCISCO, CA,ECNL RL Boys,https://www.sf-united.com/,https://www.facebook.com/sanfranciscounitedfc/?ref=embed_page,https://www.twitter.com/@SFUnited_FC,https://www.instagram.com/sfunitedfc,
,SG1 SOCCER CLUB,HOUSTON, TX,ECNL RL Girls  ECNL RL Boys,https://www.sg1soccer.com/,https://www.facebook.com/SG1Soccer/,https://www.twitter.com/@SG1Soccer,https://www.instagram.com/sg1soccer,
,SJEB,HAMMONTON, NJ,ECNL RL Boys,https://www.sjebfc.com/,https://facebook.com/sjebfc,https://www.twitter.com/@SJEBFC,https://www.instagram.com/sjeb_football,
,SKYLINE ELITE SC,CHARLOTTESVILLE, VA,ECNL Boys,https://www.skylineelitesc.org/,https://www.facebook.com/SkylineEliteSC/,https://www.twitter.com/@elite_skyline,https://www.instagram.com/skylineelitesc,
,SLAMMERS FC,NEWPORT BEACH, CA,ECNL Girls  ECNL Boys  ECNL RL Girls  ECNL RL Boys,https://slammersfc.org/,https://www.facebook.com/Slammersfutbolclub/,https://www.twitter.com/@slammersfc,https://www.instagram.com/slammersfc,
,SLAMMERS FC HB KGE,NEWPORT BEACH, CA,ECNL Girls  ECNL Girls RL,https://cdaslammers.com/hb-koge-ecnl/,https://www.facebook.com/cdaslamersfc,https://www.twitter.com/@slammersfc,https://www.instagram.com/slammersfc,
,SNOHOMISH UNITED,SNOHOMISH, WA,ECNL RL Girls  ECNL Boys  ECNL RL Boys,https://www.snohomishyouthsoccer.org/,https://www.facebook.com/SnohomishUnited/?ref=embed_page,https://www.twitter.com/@SnoUnited,https://www.instagram.com/snohomish_youth_soccer_club,
,SO CAL BLUES SC,LAGUNA HILLS, CA,ECNL Girls  ECNL RL Girls,https://www.scblues.com/,https://www.facebook.com/groups/scblues,https://www.twitter.com/@socal_blues,https://www.instagram.com/s.c.blues,
,SOCA,CHARLOTTESVILLE, VA,ECNL RL Girls  ECNL RL Boys,https://www.socaspot.org/,https://www.facebook.com/SOCASpot/,https://www.twitter.com/@SOCASPOT,https://www.instagram.com/socaspot,
,SOLAR SOCCER CLUB,ALLEN, TX,ECNL Girls  ECNL Boys  ECNL RL Girls  ECNL RL Boys  Pre-ECNL Girls  Pre-ECNL Boys,https://solarsoccerclub.net/,https://www.facebook.com/solarsoccerclub/,https://www.twitter.com/@SolarSoccerClub,https://www.instagram.com/solarsoccerclub,
,SOUTH CAROLINA SURF,MT. PLEASANT, SC,ECNL Boys  ECNL RL Boys,https://southcarolinasurfsoccer.com/,https://www.facebook.com/southcarolinasurfsoccer/?_rdc=1&_rdr,https://www.twitter.com/@_scsurfsoccer,https://www.instagram.com/scsurfsoccerclub,
,SOUTH CAROLINA UNITED,COLUMBIA, SC,ECNL Girls  ECNL Boys  ECNL RL Girls  ECNL RL Boys,https://www.southcarolinaunitedfc.com/,https://www.facebook.com/SCUFC,https://www.twitter.com/@SCUnited_FC,https://www.instagram.com/scunited_fc,
,SOUTH LAKE OKLAHOMA COSMOS,OKLAHOMA CITY, OK,ECNL RL Boys,https://www.southlakessoccer.org/,,https://www.twitter.com/@SouthLakesSocce,https://www.instagram.com/southlakessoccer,
,SOUTH VALLEY CHIVAS ACADEMY,PORTERVILLE, CA,ECNL RL Boys,http://www.southvalleychivas.com/,https://www.facebook.com/chivasacademy/,https://www.twitter.com/@ChivasAcademy,https://www.instagram.com/southvalleychivas,
,SOUTH VALLEY UNITED SOCCER CLUB,VISALIA, CA,ECNL RL Girls,https://southvalleyunited.com/,https://www.facebook.com/southvalleyunited,,https://www.instagram.com/south_valley_united,
,SPACE COAST UNITED,MELBOURNE, FL,ECNL RL Girls  ECNL Boys,https://www.spacecoastsoccer.org/,https://www.facebook.com/SpaceCoastUnited,https://www.twitter.com/@scusc,https://www.instagram.com/spacecoastsoccer,
,SPIRE FC,GENEVA, OH,ECNL RL Boys,https://www.spirefccleveland.com/,https://www.facebook.com/people/Spire-FC/100083610848846/,,https://www.instagram.com/spire_fc,
,SPOKANE SOUNDERS,SPOKANE, WA,ECNL RL Boys,https://spokanesounders.org/,https://www.facebook.com/SpokaneSounders/?ref=embed_page,https://www.twitter.com/@SpokaneSounders,https://www.instagram.com/spokanesounders,
,SPORTING BLUE VALLEY,OVERLAND PARK, KS,ECNL Girls  ECNL RL Girls,https://www.sportingbvsoccer.org/,https://theecnl.com/sports/2023/7/6/facebook.com/SPORTINGBlueValley/,https://www.twitter.com/@SPORTINGBV,https://www.instagram.com/sportingbv,
,SPORTING CA ARSENAL FC,ONTARIO, CA,ECNL Girls  ECNL Boys  ECNL RL Girls  ECNL RL Boys  Pre-ECNL Boys,https://www.sportingca.us/,https://theecnl.com/sports/2023/7/6/facebook.com/SportingCaliforniaUSA/,https://www.twitter.com/@SportingCaUSA,https://www.instagram.com/sportingcaliforniausa,
,SPORTING CLUB PREMIER,SPARTA, NJ,ECNL RL Girls,https://www.pdascp.com/,https://www.facebook.com/SportingClubPremier/?ref=embed_page,https://www.twitter.com/@PdaScp,https://www.instagram.com/pdasussex,
,SPORTING COLUMBUS,COLUMBUS, OH,ECNL RL Girls  ECNL RL Boys,https://www.sportingcolumbus.com/,https://www.facebook.com/sportingcolumbus,https://www.twitter.com/@SportingCol,https://www.instagram.com/sporting_columbus,
,SPORTING IOWA,DES MOINES, IA,ECNL Girls  ECNL Boys  ECNL RL Girls  ECNL RL Boys,https://www.sportingiowasoccer.org/,https://www.facebook.com/sportingiowa/,https://www.twitter.com/@SportingIowa,https://www.instagram.com/sporting_iowa,
,SPORTING NEBRASKA,OMAHA, NE,ECNL Boys  ECNL RL Boys,https://www.sportingnebraskafc.com/,https://www.facebook.com/SportingOmahaFootballClub/,https://www.twitter.com/@SportingNE_FC,https://www.instagram.com/sportingnebraskafc,
,SPORTING SPRINGFIELD,SPRINGFIELD, MO,ECNL Boys,https://www.sportingspringfield.com/,https://www.facebook.com/sportingspringfield,https://www.twitter.com/@sportingcw,https://www.instagram.com/sportingspringfield,
,SPORTING UNITED FC,PONTIAC, MI,ECNL RL Girls,https://www.sportingunitedfcmi.com/,https://www.facebook.com/sportingunitedfcmi,,https://www.instagram.com/sporting.united.fc,
,SPORTING WICHITA,WICHITA, KS,ECNL RL Boys,https://theecnl.com/sports/2023/7/6/sportingwichita.net,https://www.facebook.com/SportingWichitaAcademy/,https://www.twitter.com/@SWAcademy1,https://www.instagram.com/sportingwichita,
,ST. CROIX SC,OAK PARK HEIGHTS, MN,ECNL Boys,https://www.stcroixsoccer.org/,https://www.facebook.com/StCroixSoccerClub,https://www.twitter.com/@StCroixSoccer,https://www.instagram.com/stcroix_soccer,
,STA,RANDOLPH, NJ,ECNL Boys  ECNL RL Boys,https://www.stasoccer.org/team/sta-morris-united/,https://www.facebook.com/people/STA/100057306714043/,https://www.twitter.com/@STA_Soccer,https://www.instagram.com/sta_soccer,
,STAFFORD SOCCER,STAFFORD, VA,ECNL RL Girls  ECNL RL Boys,https://www.staffordsoccer.com/,https://www.facebook.com/StaffordSoccer,https://www.twitter.com/@Stafford_Soccer,https://www.instagram.com/staffordsoccervirginia,
,STANFORD STRIKERS FC,PALO ALTO, CA,ECNL RL Boys,https://www.stanfordstrikers.org/,https://www.facebook.com/stanfordstrikers,,https://www.instagram.com/stanfordstrikersfc,
,STANISLAUS UNITED,MODESTO, CA,ECNL RL Girls,https://www.stanislausunitedsc.org/,https://www.facebook.com/StanislausUnitedSoccerClub,,https://www.instagram.com/stanislaus_united_sc,
,STING AUSTIN,PFLEGERVILLE, TX,ECNL Girls  ECNL RL Girls  ECNL RL Boys,https://austin.stingsoccer.com/,https://www.facebook.com/stingaustinsoccer/#,https://www.twitter.com/@sting_austin,https://www.instagram.com/stingaustin,
,STING CORPUS,CORPUS CHRISTI, TX,ECNL RL Girls,https://corpuschristi.stingsoccer.com/,https://www.facebook.com/StingCorpus,https://www.twitter.com/@StingSoccerClub,https://www.instagram.com/stingcorpus,
,STING DALLAS,DALLAS, TX,ECNL Girls  ECNL RL Girls  ECNL RL Boys  Pre-ECNL Girls  Pre-ECNL Boys,https://northtexas.stingsoccer.com/,https://www.facebook.com/StingSoccerClub,https://www.twitter.com/@StingSoccerClub,https://www.instagram.com/stingsoccer,
,STING NEBRASKA,BEVER CROSSING, NE,ECNL RL Boys,https://nebraska.stingsoccer.com/,https://www.facebook.com/StingNebraska,https://www.twitter.com/@StingSoccerClub,https://www.instagram.com/stingnebraska,
,SUNNYVALE ALLIANCE SC,SUNNYVALE, CA,ECNL RL Boys,https://www.sunnyvalesoccer.org/,https://www.facebook.com/SunnyvaleAlliance/,https://www.twitter.com/@SASCsoccer,https://www.instagram.com/sunnyvalealliancesc,
,SUPREME FC,MIAMI, FL,ECNL Boys  ECNL RL Boys,https://miramarunitedelitefc.demosphere-secure.com/,https://www.facebook.com/MUEFC,https://www.twitter.com/@MiramarUnited,https://www.instagram.com/supremefc_ecnl,
,SUSA FC,CENTRAL ISLIP, NY,ECNL Girls  ECNL RL Girls  Pre-ECNL Girls,https://www.susaacademy.com/,https://www.facebook.com/susaacademy,https://www.twitter.com/@susa_academy,https://www.instagram.com/susa_academy,
,SWAN CITY SOCCER CLUB,LAKELAND, FL,ECNL RL Girls,https://swancitysc.com/,https://www.facebook.com/SwanCitySC,https://www.twitter.com/@swancitysc,https://www.instagram.com/swancitysc,
,TAMPA BAY UNITED,TAMPA, FL,ECNL Girls  ECNL RL Girls  ECNL RL Boys,https://tbusc.com/,https://www.facebook.com/tbusoccer,https://www.twitter.com/@tbusoccer,https://www.instagram.com/tbunews,
,TENNESSEE SOCCER CLUB,FRANKLIN, TN,ECNL Girls  ECNL Boys  ECNL RL Girls  ECNL RL Boys,https://www.tennesseesoccerclub.org/,https://www.facebook.com/TNSoccerClub,https://www.twitter.com/@TNSoccerClub,https://www.instagram.com/tnsoccerclub,
,THREE RIVERS SC,PASCO, WA,ECNL RL Boys,https://3rsc.org/,https://www.facebook.com/threerivers.soccerclub/,https://www.twitter.com/@3RSC,https://www.instagram.com/threeriverssoccerclub,
,TSP FC,TURLOCK, CA,ECNL RL Boys,https://www.turlocksportspark.com/Default.aspx?tabid=716315,https://www.facebook.com/turlocksportspark,,https://www.instagram.com/turlocksportspark,
,TULSA SOCCER CLUB,TULSA, OK,ECNL Girls  ECNL Boys  ECNL RL Girls  ECNL RL Boys  Pre-ECNL Girls,https://www.tulsasc.com/,https://www.facebook.com/tulsasc/,https://www.twitter.com/@TulsaSC,https://www.instagram.com/tulsasc,
,TURLOCK ACADEMICA JRS,TURLOCK, CA,ECNL RL Boys,https://www.academicajrs.org/,https://www.facebook.com/turlockyouthsoccer/?ref=embed_page,https://www.twitter.com/@AcademicaJrs,https://www.instagram.com/academicajrs,
,UNITED FUTBOL ACADEMY,CUMMING, GA,ECNL Girls  ECNL Boys  ECNL RL Girls  ECNL RL Boys,https://www.unitedfa.org/,https://www.facebook.com/UnitedFA,https://www.twitter.com/@United_FA,https://www.instagram.com/unitedfa,
,UNITED PDX,TIGARD, OR,ECNL RL Girls  ECNL Boys,https://www.unitedpdx.com/,https://www.facebook.com/unitedpdx,https://www.twitter.com/@United_PDX,https://www.instagram.com/unitedpdx,
,UTAH AVALANCHE,SALT LAKE CITY, UT,ECNL Girls  ECNL RL Girls  ECNL Boys,https://www.utahavalanche.com/,https://www.facebook.com/UtahAvalanche/,https://www.twitter.com/@AvalancheSoccer,https://www.instagram.com/utahavalanche,
,UTAH ROYALS FC AZ,MESA, AZ,ECNL Girls  ECNL RL Girls,https://www.royalsfcaz.com/,https://www.facebook.com/royalsfcaz/?ref=embed_page,https://www.twitter.com/@RoyalsFCAZ,https://www.instagram.com/royalsfcaz,
,VA REIGN,WILLIAMSBURG, VA,ECNL RL Girls  ECNL RL Boys,https://vareignfc.com/,https://www.facebook.com/p/Virginia-Reign-FC-100083336769169/,https://www.twitter.com/@vareignfc,https://www.instagram.com/vareignfc,
,VA RUSH,VIRGINIA BEACH, VA,ECNL RL Girls  ECNL RL Boys,https://www.varush.com/,https://www.facebook.com/varushsoccer,https://www.twitter.com/@VARushSoccer,https://www.instagram.com/virginiarushsoccer,
,VA UNITED,ROANOKE, VA,ECNL RL Girls  ECNL RL Boys,https://www.vaunited.org/,https://www.facebook.com/vaunitedfc1/about,,https://www.instagram.com/virginiaunited_fc,
,VA VALOR,CHANTILLY, VA,ECNL RL Girls  ECNL RL Boys,https://www.virginiavalorfc.org/,https://www.facebook.com/VirginiaValorFC/,https://www.twitter.com/@virginiavalorfc,https://www.instagram.com/virginiavalorfc,
,VALLEY SURF,LATHROP, CA,ECNL RL Boys,https://valleysurf.org/welcome/,https://www.facebook.com/valleysurfsoccer/,https://www.twitter.com/@ValleySurfUPSL,https://www.instagram.com/valleysurf,
,VALLEY UNITED SOCCER CLUB ASSOCIATION,NORTHRIDGE, VA,ECNL RL Girls,https://www.valleyunited.us/,https://www.facebook.com/ValleyAFC/,,https://www.instagram.com/valleyunited_fc,
,VIENNA YOUTH SOCCER,VIENNA, VA,ECNL RL Girls  ECNL RL Boys,https://www.vys.org/,https://www.facebook.com/viennayouthsoccer,https://www.twitter.com/@ViennaSoccer,https://www.instagram.com/viennayouthsoccer,
,VILLEREAL VIRGINIA,SPRINGFIELD, VA,ECNL RL Boys,https://villarrealva.org/,https://www.facebook.com/VillarrealVASoccerAcademy,https://www.twitter.com/@VillarrealUSAVA,https://www.instagram.com/villarealvirginiaacademy,
,VIRGINIA DEVELOPMENT ACADEMY,WOODBRIDGE, VA,ECNL Girls  ECNL Boys,https://www.vdasoccer.org/,https://www.facebook.com/vdasoccer,https://www.twitter.com/@vdasoccer,https://www.instagram.com/vdasoccer,
,VIRGINIA SOCCER ASSOCIATION,HAYMARKET, VA,ECNL RL Girls  ECNL RL Boys,https://www.vsaonline.org/,https://www.facebook.com/VirginiaSoccerAssn,https://www.twitter.com/@SoccerVSA,https://www.instagram.com/vsasoccer,
,VIRGINIA UNION FC,MCLEAN, VA,ECNL Girls  ECNL Boys,https://mcleansoccer.org/ecnl/mys-syc-alliance/,https://www.facebook.com/McLeanYouthSoccer/,https://www.twitter.com/@mcleansoccer,https://www.instagram.com/mclean_soccer,
,VSA RUSH,ANKENY, IA,ECNL Boys  ECNL RL Boys,https://www.vsarush.com/,https://www.facebook.com/VSARUSH22,https://www.twitter.com/@VSA_Rush,https://www.instagram.com/vsa_rush,
,WALNUT CREEK SURF SOCCER CLUB,WALNUT CREEK, CA,ECNL RL Girls,https://www.wcsc.org/,https://www.facebook.com/WalnutCreekSoccerClub/posts/466435005493446?ref=embed_post,https://www.twitter.com/@wcscsoccer,https://www.instagram.com/wcsurfsoccer,
,WASHINGTON PREMIER,PUYALLUP, WA,ECNL Girls  ECNL Boys  ECNL RL Girls  ECNL RL Boys,https://www.washingtonpremierfc.com/,https://www.facebook.com/washingtonpremierfc,https://www.twitter.com/@WAPremier,https://www.instagram.com/washingtonpremierfc,
,WELLINGTON SOCCER CLUB,WELLINGTON, FL,ECNL RL Girls  ECNL RL Boys,https://www.wellingtonsoccer.com/,https://www.facebook.com/wellingtonwave/,https://www.twitter.com/@Wavesoccer,https://www.instagram.com/wellingtonsoccer,
,WEST COAST FC,SAN JUAN CAPISTRANO, CA,ECNL RL Girls  ECNL Boys  ECNL RL Boys  Pre-ECNL Boys,https://www.westcoastfc.org/,https://www.facebook.com/wcfcsoccer/,,https://www.instagram.com/westcoastfc_soccer,
,WEST SIDE ALLIANCE,SAND SPRINGS, OK,ECNL RL Girls  ECNL RL Boys  Pre-ECNL Girls,https://www.wsasoccer.org/,https://www.facebook.com/westsidealliance/,https://www.twitter.com/@SoccerWSA,https://www.instagram.com/wsalliance,
,WESTSIDE METROS,BEAVERTON, OR,ECNL RL Boys,https://www.westsidemetros.org/,https://www.facebook.com/wsMetrosFC,https://www.twitter.com/@WsMetrosFC,https://www.instagram.com/wsmetrosfc,
,WILMINGTON HAMMERHEADS YOUTH,WILMINGTON, NC,ECNL Girls  ECNL Boys  ECNL RL Girls  ECNL RL Boys,https://www.wilmingtonhammerheadsyouth.com/,https://www.facebook.com/Wilmingtonhammerheadsyouth/,https://www.twitter.com/@WilmHammerheads,https://www.instagram.com/wilmingtonhammerheadsyouthfc,
,WNY FLASH,ELMA, NY,ECNL Girls  ECNL Boys  ECNL RL Girls  ECNL RL Boys,https://wnyflash.com/,https://www.facebook.com/WNYFlashAcademy/,https://www.twitter.com/@WNYFlashAcademy,https://www.instagram.com/wnyflashacademy,
,WORLD CLASS FC,ORANGEBURG, NY,ECNL Girls  ECNL Boys  ECNL RL Girls  ECNL RL Boys  Pre-ECNL Girls,https://www.wcsocceracademy.org/,https://www.facebook.com/WorldClassFC,https://www.twitter.com/@WorldClassFC1,https://www.instagram.com/worldclassfc_1,
